"id","product_id","price","zone_id","created_at","updated_at"
"800","52","1645","1","21/1/2024 12:35:07","21/1/2024 12:35:07"
"801","52","822","3","21/1/2024 12:35:07","21/1/2024 12:35:07"
"802","52","411","2","21/1/2024 12:35:07","21/1/2024 12:35:07"
"803","52","4500","4","21/1/2024 12:35:07","21/1/2024 12:35:07"
"804","53","15000","1","21/1/2024 12:35:07","21/1/2024 12:35:07"
"805","53","3000","3","21/1/2024 12:35:07","21/1/2024 12:35:07"
"806","53","1500","2","21/1/2024 12:35:07","21/1/2024 12:35:07"
"807","53","15000","4","21/1/2024 12:35:07","21/1/2024 12:35:07"
"808","54","1645","1","21/1/2024 12:35:07","21/1/2024 12:35:07"
"809","54","822","3","21/1/2024 12:35:07","21/1/2024 12:35:07"
"810","54","411","2","21/1/2024 12:35:07","21/1/2024 12:35:07"
"811","54","4500","4","21/1/2024 12:35:07","21/1/2024 12:35:07"
"812","55","1645","1","21/1/2024 12:35:07","21/1/2024 12:35:07"
"813","55","822","3","21/1/2024 12:35:07","21/1/2024 12:35:07"
"814","55","411","2","21/1/2024 12:35:07","21/1/2024 12:35:07"
"815","55","4500","4","21/1/2024 12:35:07","21/1/2024 12:35:07"
"816","56","1645","1","21/1/2024 12:35:07","21/1/2024 12:35:07"
"817","56","822","3","21/1/2024 12:35:07","21/1/2024 12:35:07"
"818","56","411","2","21/1/2024 12:35:07","21/1/2024 12:35:07"
"819","56","4500","4","21/1/2024 12:35:07","21/1/2024 12:35:07"
"828","67","1500","1","21/1/2024 12:35:07","21/1/2024 12:35:07"
"829","67","450","2","21/1/2024 12:35:07","21/1/2024 12:35:07"
"830","67","900","3","21/1/2024 12:35:07","21/1/2024 12:35:07"
"831","67","4500","4","21/1/2024 12:35:07","21/1/2024 12:35:07"
"968","22","30.3","1","24/1/2024 14:19:08","24/1/2024 14:19:08"
"969","22","15.15","3","24/1/2024 14:19:08","24/1/2024 14:19:08"
"970","22","10","2","24/1/2024 14:19:08","24/1/2024 14:19:08"
"971","22","30.3","4","24/1/2024 14:19:08","24/1/2024 14:19:08"
"1020","29","75.75","1","24/1/2024 14:22:02","24/1/2024 14:22:02"
"1021","29","37.88","3","24/1/2024 14:22:02","24/1/2024 14:22:02"
"1022","29","18.94","2","24/1/2024 14:22:02","24/1/2024 14:22:02"
"1023","29","75.75","4","24/1/2024 14:22:02","24/1/2024 14:22:02"
"1024","30","75.75","1","24/1/2024 14:22:02","24/1/2024 14:22:02"
"1025","30","37.88","3","24/1/2024 14:22:02","24/1/2024 14:22:02"
"1026","30","18.94","2","24/1/2024 14:22:02","24/1/2024 14:22:02"
"1027","30","75.75","4","24/1/2024 14:22:02","24/1/2024 14:22:02"
"1036","50","111","1","26/1/2024 09:50:02","26/1/2024 09:50:02"
"1037","50","111","3","26/1/2024 09:50:02","26/1/2024 09:50:02"
"1038","50","111","2","26/1/2024 09:50:02","26/1/2024 09:50:02"
"1039","50","111","4","26/1/2024 09:50:02","26/1/2024 09:50:02"
"1040","51","27.78","1","26/1/2024 09:50:02","26/1/2024 09:50:02"
"1041","51","27.78","2","26/1/2024 09:50:02","26/1/2024 09:50:02"
"1042","51","27.78","3","26/1/2024 09:50:02","26/1/2024 09:50:02"
"1043","51","27.78","4","26/1/2024 09:50:02","26/1/2024 09:50:02"
"1044","65","352.7","1","26/1/2024 09:50:02","26/1/2024 09:50:02"
"1045","65","352.7","2","26/1/2024 09:50:02","26/1/2024 09:50:02"
"1046","65","352.7","3","26/1/2024 09:50:02","26/1/2024 09:50:02"
"1047","65","352.7","4","26/1/2024 09:50:02","26/1/2024 09:50:02"
"1048","66","138.8","1","26/1/2024 09:50:02","26/1/2024 09:50:02"
"1049","66","138.8","2","26/1/2024 09:50:02","26/1/2024 09:50:02"
"1050","66","138.8","3","26/1/2024 09:50:02","26/1/2024 09:50:02"
"1051","66","138.8","4","26/1/2024 09:50:02","26/1/2024 09:50:02"
"2180","12","30.3","1","14/11/2024 12:14:29","14/11/2024 12:14:29"
"2181","12","15.15","3","14/11/2024 12:14:29","14/11/2024 12:14:29"
"2182","12","10","2","14/11/2024 12:14:29","14/11/2024 12:14:29"
"2183","12","30.3","4","14/11/2024 12:14:29","14/11/2024 12:14:29"
"2184","13","30.3","1","14/11/2024 12:14:29","14/11/2024 12:14:29"
"2185","13","15.15","3","14/11/2024 12:14:29","14/11/2024 12:14:29"
"2186","13","10","2","14/11/2024 12:14:29","14/11/2024 12:14:29"
"2187","13","30.3","4","14/11/2024 12:14:29","14/11/2024 12:14:29"
"2188","14","30.3","1","14/11/2024 12:14:29","14/11/2024 12:14:29"
"2189","14","15.15","3","14/11/2024 12:14:29","14/11/2024 12:14:29"
"2190","14","10","2","14/11/2024 12:14:29","14/11/2024 12:14:29"
"2191","14","30.3","4","14/11/2024 12:14:29","14/11/2024 12:14:29"
"2192","15","30.3","1","14/11/2024 12:14:29","14/11/2024 12:14:29"
"2193","15","15.15","3","14/11/2024 12:14:29","14/11/2024 12:14:29"
"2194","15","10","2","14/11/2024 12:14:29","14/11/2024 12:14:29"
"2195","15","30.3","4","14/11/2024 12:14:29","14/11/2024 12:14:29"
"2196","16","30.3","1","14/11/2024 12:14:29","14/11/2024 12:14:29"
"2197","16","15.15","3","14/11/2024 12:14:29","14/11/2024 12:14:29"
"2198","16","10","2","14/11/2024 12:14:29","14/11/2024 12:14:29"
"2199","16","30.3","4","14/11/2024 12:14:29","14/11/2024 12:14:29"
"2200","17","30.3","1","14/11/2024 12:14:29","14/11/2024 12:14:29"
"2201","17","15.15","3","14/11/2024 12:14:29","14/11/2024 12:14:29"
"2202","17","10","2","14/11/2024 12:14:29","14/11/2024 12:14:29"
"2203","17","30.3","4","14/11/2024 12:14:29","14/11/2024 12:14:29"
"2204","18","30.3","1","14/11/2024 12:14:29","14/11/2024 12:14:29"
"2205","18","15.15","3","14/11/2024 12:14:29","14/11/2024 12:14:29"
"2206","18","10","2","14/11/2024 12:14:29","14/11/2024 12:14:29"
"2207","18","30.3","4","14/11/2024 12:14:29","14/11/2024 12:14:29"
"2208","19","30.3","1","14/11/2024 12:14:29","14/11/2024 12:14:29"
"2209","19","15.15","3","14/11/2024 12:14:29","14/11/2024 12:14:29"
"2210","19","10","2","14/11/2024 12:14:29","14/11/2024 12:14:29"
"2211","19","30.3","4","14/11/2024 12:14:29","14/11/2024 12:14:29"
"2212","20","30.3","1","14/11/2024 12:14:29","14/11/2024 12:14:29"
"2213","20","15.15","3","14/11/2024 12:14:29","14/11/2024 12:14:29"
"2214","20","10","2","14/11/2024 12:14:29","14/11/2024 12:14:29"
"2215","20","30.3","4","14/11/2024 12:14:29","14/11/2024 12:14:29"
"2216","21","30.3","1","14/11/2024 12:14:29","14/11/2024 12:14:29"
"2217","21","15.15","3","14/11/2024 12:14:29","14/11/2024 12:14:29"
"2218","21","10","2","14/11/2024 12:14:29","14/11/2024 12:14:29"
"2219","21","30.3","4","14/11/2024 12:14:29","14/11/2024 12:14:29"
"2220","23","30.3","1","14/11/2024 12:14:29","14/11/2024 12:14:29"
"2221","23","15.15","3","14/11/2024 12:14:29","14/11/2024 12:14:29"
"2222","23","10","2","14/11/2024 12:14:29","14/11/2024 12:14:29"
"2223","23","30.3","4","14/11/2024 12:14:29","14/11/2024 12:14:29"
"2224","24","30.3","1","14/11/2024 12:14:29","14/11/2024 12:14:29"
"2225","24","15.15","3","14/11/2024 12:14:29","14/11/2024 12:14:29"
"2226","24","10","2","14/11/2024 12:14:29","14/11/2024 12:14:29"
"2227","24","30.3","4","14/11/2024 12:14:29","14/11/2024 12:14:29"
"2228","25","30.3","1","14/11/2024 12:14:29","14/11/2024 12:14:29"
"2229","25","15.15","3","14/11/2024 12:14:29","14/11/2024 12:14:29"
"2230","25","10","2","14/11/2024 12:14:29","14/11/2024 12:14:29"
"2231","25","30.3","4","14/11/2024 12:14:29","14/11/2024 12:14:29"
"2232","26","30.3","1","14/11/2024 12:14:29","14/11/2024 12:14:29"
"2233","26","15.15","3","14/11/2024 12:14:29","14/11/2024 12:14:29"
"2234","26","10","2","14/11/2024 12:14:29","14/11/2024 12:14:29"
"2235","26","30.3","4","14/11/2024 12:14:29","14/11/2024 12:14:29"
"2236","42","30.3","1","14/11/2024 12:14:29","14/11/2024 12:14:29"
"2237","42","15.15","3","14/11/2024 12:14:29","14/11/2024 12:14:29"
"2238","42","10","2","14/11/2024 12:14:29","14/11/2024 12:14:29"
"2239","42","30.3","4","14/11/2024 12:14:29","14/11/2024 12:14:29"
"2240","59","100","1","14/11/2024 12:14:29","14/11/2024 12:14:29"
"2241","59","50","3","14/11/2024 12:14:29","14/11/2024 12:14:29"
"2242","59","33","2","14/11/2024 12:14:29","14/11/2024 12:14:29"
"2243","59","100","4","14/11/2024 12:14:29","14/11/2024 12:14:29"
"2244","70","30.3","1","14/11/2024 12:14:29","14/11/2024 12:14:29"
"2245","70","10","2","14/11/2024 12:14:29","14/11/2024 12:14:29"
"2246","70","15.15","3","14/11/2024 12:14:29","14/11/2024 12:14:29"
"2247","70","30.3","4","14/11/2024 12:14:29","14/11/2024 12:14:29"
"2248","71","30.3","1","14/11/2024 12:14:29","14/11/2024 12:14:29"
"2249","71","10","2","14/11/2024 12:14:29","14/11/2024 12:14:29"
"2250","71","15.15","3","14/11/2024 12:14:29","14/11/2024 12:14:29"
"2251","71","30.3","4","14/11/2024 12:14:29","14/11/2024 12:14:29"
"2252","72","30.3","1","14/11/2024 12:14:29","14/11/2024 12:14:29"
"2253","72","10","2","14/11/2024 12:14:29","14/11/2024 12:14:29"
"2254","72","15.15","3","14/11/2024 12:14:29","14/11/2024 12:14:29"
"2255","72","30.3","4","14/11/2024 12:14:29","14/11/2024 12:14:29"
"2256","80","30.3","1","14/11/2024 12:14:29","14/11/2024 12:14:29"
"2257","80","10","2","14/11/2024 12:14:29","14/11/2024 12:14:29"
"2258","80","15.15","3","14/11/2024 12:14:29","14/11/2024 12:14:29"
"2259","80","30.3","4","14/11/2024 12:14:29","14/11/2024 12:14:29"
"2360","57","303","1","2/12/2024 11:09:49","2/12/2024 11:09:49"
"2361","57","180","2","2/12/2024 11:09:49","2/12/2024 11:09:49"
"2362","57","212","3","2/12/2024 11:09:49","2/12/2024 11:09:49"
"2363","57","303","4","2/12/2024 11:09:49","2/12/2024 11:09:49"
"2364","58","303","1","2/12/2024 11:09:49","2/12/2024 11:09:49"
"2365","58","180","2","2/12/2024 11:09:49","2/12/2024 11:09:49"
"2366","58","212","3","2/12/2024 11:09:49","2/12/2024 11:09:49"
"2367","58","303","4","2/12/2024 11:09:49","2/12/2024 11:09:49"
"2368","69","100","1","2/12/2024 11:09:49","2/12/2024 11:09:49"
"2369","69","100","3","2/12/2024 11:09:49","2/12/2024 11:09:49"
"2370","69","100","2","2/12/2024 11:09:49","2/12/2024 11:09:49"
"2371","69","100","4","2/12/2024 11:09:49","2/12/2024 11:09:49"
"2372","74","150","1","2/12/2024 11:09:49","2/12/2024 11:09:49"
"2373","74","150","2","2/12/2024 11:09:49","2/12/2024 11:09:49"
"2374","74","150","3","2/12/2024 11:09:49","2/12/2024 11:09:49"
"2375","74","150","4","2/12/2024 11:09:49","2/12/2024 11:09:49"
"2376","75","270","1","2/12/2024 11:09:49","2/12/2024 11:09:49"
"2377","75","270","2","2/12/2024 11:09:49","2/12/2024 11:09:49"
"2378","75","270","3","2/12/2024 11:09:49","2/12/2024 11:09:49"
"2379","75","270","4","2/12/2024 11:09:49","2/12/2024 11:09:49"
"2380","78","150","3","2/12/2024 11:09:49","2/12/2024 11:09:49"
"2381","78","150","4","2/12/2024 11:09:49","2/12/2024 11:09:49"
"2382","78","150","1","2/12/2024 11:09:49","2/12/2024 11:09:49"
"2383","78","75","2","2/12/2024 11:09:49","2/12/2024 11:09:49"
"2420","31","151.52","1","5/12/2024 17:23:34","5/12/2024 17:23:34"
"2421","31","151.52","4","5/12/2024 17:23:34","5/12/2024 17:23:34"
"2422","31","75.76","2","5/12/2024 17:23:34","5/12/2024 17:23:34"
"2423","31","75.76","3","5/12/2024 17:23:34","5/12/2024 17:23:34"
"2424","81","100","1","5/12/2024 17:23:34","5/12/2024 17:23:34"
"2425","81","100","3","5/12/2024 17:23:34","5/12/2024 17:23:34"
"2426","81","100","4","5/12/2024 17:23:34","5/12/2024 17:23:34"
"2427","81","70","2","5/12/2024 17:23:34","5/12/2024 17:23:34"
"2428","82","6000","1","5/12/2024 17:23:34","5/12/2024 17:23:34"
"2429","82","6000","2","5/12/2024 17:23:34","5/12/2024 17:23:34"
"2430","82","6000","3","5/12/2024 17:23:34","5/12/2024 17:23:34"
"2431","82","6000","4","5/12/2024 17:23:34","5/12/2024 17:23:34"
"2724","27","80","1","5/3/2025 14:34:20","5/3/2025 14:34:20"
"2725","27","80","3","5/3/2025 14:34:20","5/3/2025 14:34:20"
"2726","27","40","2","5/3/2025 14:34:20","5/3/2025 14:34:20"
"2727","27","80","4","5/3/2025 14:34:20","5/3/2025 14:34:20"
"2728","28","36","1","5/3/2025 14:34:20","5/3/2025 14:34:20"
"2729","28","36","3","5/3/2025 14:34:20","5/3/2025 14:34:20"
"2730","28","36","2","5/3/2025 14:34:20","5/3/2025 14:34:20"
"2731","28","36","4","5/3/2025 14:34:20","5/3/2025 14:34:20"
"2732","46","110","1","5/3/2025 14:34:20","5/3/2025 14:34:20"
"2733","46","55","3","5/3/2025 14:34:20","5/3/2025 14:34:20"
"2734","46","27","2","5/3/2025 14:34:20","5/3/2025 14:34:20"
"2735","46","110","4","5/3/2025 14:34:20","5/3/2025 14:34:20"
"2736","47","15.15","1","5/3/2025 14:34:20","5/3/2025 14:34:20"
"2737","47","7.6","3","5/3/2025 14:34:20","5/3/2025 14:34:20"
"2738","47","3.8","2","5/3/2025 14:34:20","5/3/2025 14:34:20"
"2739","47","15.15","4","5/3/2025 14:34:20","5/3/2025 14:34:20"
"2740","48","15.15","1","5/3/2025 14:34:20","5/3/2025 14:34:20"
"2741","48","7.6","3","5/3/2025 14:34:20","5/3/2025 14:34:20"
"2742","48","3.8","2","5/3/2025 14:34:20","5/3/2025 14:34:20"
"2743","48","15.15","4","5/3/2025 14:34:20","5/3/2025 14:34:20"
"2744","49","15.15","1","5/3/2025 14:34:20","5/3/2025 14:34:20"
"2745","49","10","3","5/3/2025 14:34:20","5/3/2025 14:34:20"
"2746","49","8","2","5/3/2025 14:34:20","5/3/2025 14:34:20"
"2747","49","15.15","4","5/3/2025 14:34:20","5/3/2025 14:34:20"
"2748","76","15.15","1","5/3/2025 14:34:20","5/3/2025 14:34:20"
"2749","76","3.8","2","5/3/2025 14:34:20","5/3/2025 14:34:20"
"2750","76","7.6","3","5/3/2025 14:34:20","5/3/2025 14:34:20"
"2751","76","15.15","4","5/3/2025 14:34:20","5/3/2025 14:34:20"
"2752","77","25","3","5/3/2025 14:34:20","5/3/2025 14:34:20"
"2753","77","50","4","5/3/2025 14:34:20","5/3/2025 14:34:20"
"2754","77","50","1","5/3/2025 14:34:20","5/3/2025 14:34:20"
"2755","77","13","2","5/3/2025 14:34:20","5/3/2025 14:34:20"
"2756","1","151.52","1","14/10/2025 14:56:36","14/10/2025 14:56:36"
"2757","1","37.88","2","14/10/2025 14:56:36","14/10/2025 14:56:36"
"2758","1","370","3","14/10/2025 14:56:36","14/10/2025 14:56:36"
"2759","1","151.52","4","14/10/2025 14:56:36","14/10/2025 14:56:36"
"2760","2","151.52","1","14/10/2025 14:56:36","14/10/2025 14:56:36"
"2761","2","37.88","2","14/10/2025 14:56:36","14/10/2025 14:56:36"
"2762","2","370","3","14/10/2025 14:56:36","14/10/2025 14:56:36"
"2763","2","151.52","4","14/10/2025 14:56:36","14/10/2025 14:56:36"
"2764","3","60.61","1","14/10/2025 14:56:36","14/10/2025 14:56:36"
"2765","3","15.15","2","14/10/2025 14:56:36","14/10/2025 14:56:36"
"2766","3","270","3","14/10/2025 14:56:36","14/10/2025 14:56:36"
"2767","3","60.61","4","14/10/2025 14:56:36","14/10/2025 14:56:36"
"2768","4","60.61","1","14/10/2025 14:56:36","14/10/2025 14:56:36"
"2769","4","15.15","2","14/10/2025 14:56:36","14/10/2025 14:56:36"
"2770","4","270","3","14/10/2025 14:56:36","14/10/2025 14:56:36"
"2771","4","60.61","4","14/10/2025 14:56:36","14/10/2025 14:56:36"
"2772","5","60.61","1","14/10/2025 14:56:36","14/10/2025 14:56:36"
"2773","5","15.15","2","14/10/2025 14:56:36","14/10/2025 14:56:36"
"2774","5","270","3","14/10/2025 14:56:36","14/10/2025 14:56:36"
"2775","5","60.61","4","14/10/2025 14:56:36","14/10/2025 14:56:36"
"2776","6","60.61","1","14/10/2025 14:56:36","14/10/2025 14:56:36"
"2777","6","15.15","2","14/10/2025 14:56:36","14/10/2025 14:56:36"
"2778","6","270","3","14/10/2025 14:56:36","14/10/2025 14:56:36"
"2779","6","60.61","4","14/10/2025 14:56:36","14/10/2025 14:56:36"
"2780","7","60.61","1","14/10/2025 14:56:36","14/10/2025 14:56:36"
"2781","7","15.15","2","14/10/2025 14:56:36","14/10/2025 14:56:36"
"2782","7","270","3","14/10/2025 14:56:36","14/10/2025 14:56:36"
"2783","7","60.61","4","14/10/2025 14:56:36","14/10/2025 14:56:36"
"2784","8","60.61","1","14/10/2025 14:56:36","14/10/2025 14:56:36"
"2785","8","15.15","2","14/10/2025 14:56:36","14/10/2025 14:56:36"
"2786","8","270","3","14/10/2025 14:56:36","14/10/2025 14:56:36"
"2787","8","60.61","4","14/10/2025 14:56:36","14/10/2025 14:56:36"
"2788","9","60.61","1","14/10/2025 14:56:36","14/10/2025 14:56:36"
"2789","9","15.15","2","14/10/2025 14:56:36","14/10/2025 14:56:36"
"2790","9","270","3","14/10/2025 14:56:36","14/10/2025 14:56:36"
"2791","9","60.61","4","14/10/2025 14:56:36","14/10/2025 14:56:36"
"2792","11","60.61","1","14/10/2025 14:56:36","14/10/2025 14:56:36"
"2793","11","15.15","2","14/10/2025 14:56:36","14/10/2025 14:56:36"
"2794","11","270","3","14/10/2025 14:56:36","14/10/2025 14:56:36"
"2795","11","60.61","4","14/10/2025 14:56:36","14/10/2025 14:56:36"
"2796","32","60.61","1","14/10/2025 14:56:36","14/10/2025 14:56:36"
"2797","32","15.15","2","14/10/2025 14:56:36","14/10/2025 14:56:36"
"2798","32","270","3","14/10/2025 14:56:36","14/10/2025 14:56:36"
"2799","32","60.61","4","14/10/2025 14:56:36","14/10/2025 14:56:36"
"2800","33","60.61","1","14/10/2025 14:56:36","14/10/2025 14:56:36"
"2801","33","15.15","2","14/10/2025 14:56:36","14/10/2025 14:56:36"
"2802","33","270","3","14/10/2025 14:56:36","14/10/2025 14:56:36"
"2803","33","60.61","4","14/10/2025 14:56:36","14/10/2025 14:56:36"
"2804","34","60.61","1","14/10/2025 14:56:36","14/10/2025 14:56:36"
"2805","34","15.15","2","14/10/2025 14:56:36","14/10/2025 14:56:36"
"2806","34","270","3","14/10/2025 14:56:36","14/10/2025 14:56:36"
"2807","34","60.61","4","14/10/2025 14:56:36","14/10/2025 14:56:36"
"2808","35","60.61","1","14/10/2025 14:56:36","14/10/2025 14:56:36"
"2809","35","15.15","2","14/10/2025 14:56:36","14/10/2025 14:56:36"
"2810","35","270","3","14/10/2025 14:56:36","14/10/2025 14:56:36"
"2811","35","60.61","4","14/10/2025 14:56:36","14/10/2025 14:56:36"
"2812","37","60.61","1","14/10/2025 14:56:36","14/10/2025 14:56:36"
"2813","37","15.15","2","14/10/2025 14:56:36","14/10/2025 14:56:36"
"2814","37","270","3","14/10/2025 14:56:36","14/10/2025 14:56:36"
"2815","37","60.61","4","14/10/2025 14:56:36","14/10/2025 14:56:36"
"2816","38","60.61","1","14/10/2025 14:56:36","14/10/2025 14:56:36"
"2817","38","15.15","2","14/10/2025 14:56:36","14/10/2025 14:56:36"
"2818","38","270","3","14/10/2025 14:56:36","14/10/2025 14:56:36"
"2819","38","60.61","4","14/10/2025 14:56:36","14/10/2025 14:56:36"
"2820","39","60.61","1","14/10/2025 14:56:36","14/10/2025 14:56:36"
"2821","39","15.15","2","14/10/2025 14:56:36","14/10/2025 14:56:36"
"2822","39","270","3","14/10/2025 14:56:36","14/10/2025 14:56:36"
"2823","39","60.61","4","14/10/2025 14:56:36","14/10/2025 14:56:36"
"2824","40","60.61","1","14/10/2025 14:56:36","14/10/2025 14:56:36"
"2825","40","15.15","2","14/10/2025 14:56:36","14/10/2025 14:56:36"
"2826","40","270","3","14/10/2025 14:56:36","14/10/2025 14:56:36"
"2827","40","60.61","4","14/10/2025 14:56:36","14/10/2025 14:56:36"
"2828","41","60.61","1","14/10/2025 14:56:36","14/10/2025 14:56:36"
"2829","41","15.15","2","14/10/2025 14:56:36","14/10/2025 14:56:36"
"2830","41","270","3","14/10/2025 14:56:36","14/10/2025 14:56:36"
"2831","41","60.61","4","14/10/2025 14:56:36","14/10/2025 14:56:36"
"2832","60","650","1","14/10/2025 14:56:36","14/10/2025 14:56:36"
"2833","60","1200","3","14/10/2025 14:56:36","14/10/2025 14:56:36"
"2834","60","162.5","2","14/10/2025 14:56:36","14/10/2025 14:56:36"
"2835","60","650","4","14/10/2025 14:56:36","14/10/2025 14:56:36"
"2836","61","260","1","14/10/2025 14:56:36","14/10/2025 14:56:36"
"2837","61","890","3","14/10/2025 14:56:36","14/10/2025 14:56:36"
"2838","61","65","2","14/10/2025 14:56:36","14/10/2025 14:56:36"
"2839","61","260","4","14/10/2025 14:56:36","14/10/2025 14:56:36"
"2840","62","260","1","14/10/2025 14:56:36","14/10/2025 14:56:36"
"2841","62","890","3","14/10/2025 14:56:36","14/10/2025 14:56:36"
"2842","62","65","2","14/10/2025 14:56:36","14/10/2025 14:56:36"
"2843","62","260","4","14/10/2025 14:56:36","14/10/2025 14:56:36"
"2844","63","260","1","14/10/2025 14:56:36","14/10/2025 14:56:36"
"2845","63","660","3","14/10/2025 14:56:36","14/10/2025 14:56:36"
"2846","63","65","2","14/10/2025 14:56:36","14/10/2025 14:56:36"
"2847","63","260","4","14/10/2025 14:56:36","14/10/2025 14:56:36"
"2848","64","260","1","14/10/2025 14:56:36","14/10/2025 14:56:36"
"2849","64","660","3","14/10/2025 14:56:36","14/10/2025 14:56:36"
"2850","64","65","2","14/10/2025 14:56:36","14/10/2025 14:56:36"
"2851","64","260","4","14/10/2025 14:56:36","14/10/2025 14:56:36"
"2852","73","60.61","1","14/10/2025 14:56:36","14/10/2025 14:56:36"
"2853","73","15.15","2","14/10/2025 14:56:36","14/10/2025 14:56:36"
"2854","73","270","3","14/10/2025 14:56:36","14/10/2025 14:56:36"
"2855","73","60.61","4","14/10/2025 14:56:36","14/10/2025 14:56:36"
"2856","79","60.61","1","14/10/2025 14:56:36","14/10/2025 14:56:36"
"2857","79","15.15","2","14/10/2025 14:56:36","14/10/2025 14:56:36"
"2858","79","270","3","14/10/2025 14:56:36","14/10/2025 14:56:36"
"2859","79","60.61","4","14/10/2025 14:56:36","14/10/2025 14:56:36"
"2860","83","151.52","1","14/10/2025 14:56:36","14/10/2025 14:56:36"
"2861","83","37.88","2","14/10/2025 14:56:36","14/10/2025 14:56:36"
"2862","83","370","3","14/10/2025 14:56:36","14/10/2025 14:56:36"
"2863","83","151.52","4","14/10/2025 14:56:36","14/10/2025 14:56:36"
"2864","84","60.61","1","14/10/2025 14:56:36","14/10/2025 14:56:36"
"2865","84","15.15","2","14/10/2025 14:56:36","14/10/2025 14:56:36"
"2866","84","270","3","14/10/2025 14:56:36","14/10/2025 14:56:36"
"2867","84","60.61","4","14/10/2025 14:56:36","14/10/2025 14:56:36"
"2868","85","60.61","1","14/10/2025 14:56:36","14/10/2025 14:56:36"
"2869","85","15.15","2","14/10/2025 14:56:36","14/10/2025 14:56:36"
"2870","85","270","3","14/10/2025 14:56:36","14/10/2025 14:56:36"
"2871","85","60.61","4","14/10/2025 14:56:36","14/10/2025 14:56:36"
"2872","86","60.61","1","14/10/2025 14:56:36","14/10/2025 14:56:36"
"2873","86","15.15","2","14/10/2025 14:56:36","14/10/2025 14:56:36"
"2874","86","270","3","14/10/2025 14:56:36","14/10/2025 14:56:36"
"2875","86","60.61","4","14/10/2025 14:56:36","14/10/2025 14:56:36"
"2876","87","60.61","1","14/10/2025 15:31:08","14/10/2025 15:31:08"
"2877","87","15.15","2","14/10/2025 15:31:18","14/10/2025 15:31:18"
"2878","87","270","3","14/10/2025 15:31:27","14/10/2025 15:31:27"
"2879","87","60.61","4","14/10/2025 15:31:42","14/10/2025 15:31:42"
"2880","88","60.61","1","14/10/2025 15:45:52","14/10/2025 15:45:52"
"2881","88","15.15","2","14/10/2025 15:46:04","14/10/2025 15:46:04"
"2882","88","270","3","14/10/2025 15:46:15","14/10/2025 15:46:15"
"2883","88","60.61","4","14/10/2025 15:46:26","14/10/2025 15:46:26"
"2884","89","60.61","1","14/10/2025 15:54:45","14/10/2025 15:54:45"
"2885","89","15.15","2","14/10/2025 15:54:54","14/10/2025 15:54:54"
"2886","89","270","3","14/10/2025 15:55:03","14/10/2025 15:55:03"
"2887","89","60.61","4","14/10/2025 15:55:14","14/10/2025 15:55:14"
"2888","90","15.15","2","14/10/2025 16:00:08","14/10/2025 16:00:08"
"2889","90","60.61","1","14/10/2025 16:00:18","14/10/2025 16:00:18"
"2890","90","270","3","14/10/2025 16:00:25","14/10/2025 16:00:25"
"2891","90","60.61","4","14/10/2025 16:00:38","14/10/2025 16:00:38"
"2892","91","60.61","1","14/10/2025 16:04:29","14/10/2025 16:04:29"
"2893","91","15.15","2","14/10/2025 16:04:38","14/10/2025 16:04:38"
"2894","91","270","3","14/10/2025 16:04:45","14/10/2025 16:04:45"
"2895","91","60.61","4","14/10/2025 16:04:58","14/10/2025 16:04:58"
"2896","92","60.61","1","14/10/2025 16:11:16","14/10/2025 16:11:16"
"2897","92","15.15","2","14/10/2025 16:11:25","14/10/2025 16:11:25"
"2898","92","270","3","14/10/2025 16:11:32","14/10/2025 16:11:32"
"2899","92","60.61","4","14/10/2025 16:11:41","14/10/2025 16:11:41"
"2900","93","15.15","2","14/10/2025 16:19:18","14/10/2025 16:19:18"
"2901","93","60.61","1","14/10/2025 16:19:25","14/10/2025 16:19:25"
"2902","93","60.61","4","14/10/2025 16:19:32","14/10/2025 16:19:32"
"2903","93","270","3","14/10/2025 16:19:39","14/10/2025 16:19:39"
"2904","94","60.61","1","14/10/2025 16:45:37","14/10/2025 16:45:37"
"2905","94","15.15","2","14/10/2025 16:45:44","14/10/2025 16:45:44"
"2906","94","270","3","14/10/2025 16:45:50","14/10/2025 16:45:50"
"2907","94","60.61","4","14/10/2025 16:45:59","14/10/2025 16:45:59"
"2908","95","15.15","2","14/10/2025 16:51:21","14/10/2025 16:51:21"
"2909","95","270","3","14/10/2025 16:56:10","14/10/2025 16:56:10"
"2910","95","60.61","1","14/10/2025 16:56:22","14/10/2025 16:56:22"
"2911","95","60.61","4","14/10/2025 16:56:47","14/10/2025 16:56:47"
"2912","96","60.61","1","14/10/2025 17:07:07","14/10/2025 17:07:07"
"2913","96","15.15","2","14/10/2025 17:07:14","14/10/2025 17:07:14"
"2914","96","270","3","14/10/2025 17:07:23","14/10/2025 17:07:23"
"2915","96","60.61","4","14/10/2025 17:07:37","14/10/2025 17:07:37"
"2916","97","60.61","1","14/10/2025 17:32:02","14/10/2025 17:32:02"
"2917","97","15.15","2","14/10/2025 17:32:12","14/10/2025 17:32:12"
"2918","97","270","3","14/10/2025 17:32:19","14/10/2025 17:32:19"
"2919","97","60.61","4","14/10/2025 17:32:28","14/10/2025 17:32:28"
"2920","98","15.15","2","14/10/2025 18:42:03","14/10/2025 18:42:03"
"2921","98","60.61","1","14/10/2025 18:42:16","14/10/2025 18:42:16"
"2922","98","270","3","14/10/2025 18:42:26","14/10/2025 18:42:26"
"2923","98","60.61","4","14/10/2025 18:42:36","14/10/2025 18:42:36"
"2924","99","60.61","1","14/10/2025 18:53:06","14/10/2025 18:53:06"
"2925","99","15.15","2","14/10/2025 18:53:13","14/10/2025 18:53:13"
"2926","99","270","3","14/10/2025 19:00:10","14/10/2025 19:00:10"
"2927","99","60.61","4","14/10/2025 19:00:20","14/10/2025 19:00:20"
"2928","100","270","3","14/10/2025 19:05:57","14/10/2025 19:05:57"
"2929","100","60.61","1","14/10/2025 19:06:05","14/10/2025 19:06:05"
"2930","100","15.15","2","14/10/2025 19:06:13","14/10/2025 19:06:13"
"2931","100","60.61","4","14/10/2025 19:06:53","14/10/2025 19:06:53"
"2932","101","15.15","2","15/10/2025 09:07:31","15/10/2025 09:07:31"
"2933","101","270","3","15/10/2025 09:07:46","15/10/2025 09:07:46"
"2934","101","60.61","1","15/10/2025 09:07:56","15/10/2025 09:07:56"
"2935","101","60.61","4","15/10/2025 09:08:04","15/10/2025 09:08:04"
"2936","102","15.15","2","15/10/2025 09:17:52","15/10/2025 09:17:52"
"2937","102","60.61","1","15/10/2025 09:18:13","15/10/2025 09:18:13"
"2938","102","60.61","4","15/10/2025 09:18:23","15/10/2025 09:18:23"
"2939","102","270","3","15/10/2025 09:18:37","15/10/2025 09:18:37"
"2940","103","15.15","2","15/10/2025 09:29:50","15/10/2025 09:29:50"
"2941","103","270","3","15/10/2025 09:29:58","15/10/2025 09:29:58"
"2942","103","60.61","1","15/10/2025 09:30:07","15/10/2025 09:30:07"
"2943","103","60.61","4","15/10/2025 09:30:14","15/10/2025 09:30:14"
